0,43.913
0.05,43.892
0.1,43.908
0.15,44.104
0.2,43.964
0.25,43.776
0.3,43.753
0.35,43.824
0.4,44.035
0.45,44.384
0.5,44.768
0.55,44.9
0.6,44.994
0.65,45.082
0.7,45.137
0.75,45.165
0.8,45.121
0.85,45.148
0.9,45.222
0.95,45.271
1.0,45.264
1.05,45.209
1.1,45.179
1.15,45.216
1.2,45.305
1.25,45.377
1.3,45.301
1.35,45.273
1.4,45.388
1.45,45.627
1.5,45.896
1.55,45.984
1.6,45.733
1.65,45.571
1.7,45.601
1.75,45.785
1.8,46.111
1.85,46.444
1.9,46.834
1.95,47.159
2.0,47.317
2.05,47.307
2.1,47.171
2.15,46.855
2.2,46.523
2.25,46.269
2.3,46.106
2.35,46.073
2.4,46.176
2.45,46.192
2.5,46.131
2.55,46.056
2.6,45.981
2.65,45.708
2.7,45.452
2.75,45.441
2.8,45.572
2.85,45.852
2.9,46.145
2.95,46.329
3.0,46.374
3.05,46.438
3.1,46.366
3.15,46.275
3.2,46.262
3.25,46.319
3.3,46.438
3.35,46.385
3.4,46.258
3.45,46.218
3.5,46.319
3.55,46.429
3.6,46.505
3.65,46.507
3.7,46.288
3.75,46.519
3.8,47.34
3.85,47.842
3.9,47.747
3.95,47.144
4.0,46.139
4.05,45.507
4.1,45.498
4.15,45.42
4.2,45.198
4.25,45.073
4.3,44.896
4.35,44.769
4.4,44.573
4.45,44.518
4.5,44.484
4.55,44.436
4.6,44.427
4.65,44.53
4.7,44.679
4.75,44.823
4.8,44.831
4.85,44.743
4.9,44.607
4.95,44.61
5.0,44.839
5.05,44.996
5.1,44.693
5.15,44.271
5.2,44.145
5.25,44.323
5.3,44.722
5.35,45.109
5.4,45.273
5.45,45.192
5.5,45.124
5.55,45.17
5.6,45.338
5.65,45.51
5.7,45.696
5.75,45.808
5.8,45.973
5.85,46.111
5.9,46.125
5.95,46.059
6.0,45.983
6.05,45.868
6.1,45.627
6.15,45.34
6.2,45.162
6.25,44.999
6.3,44.844
6.35,44.677
6.4,44.565
6.45,44.461
6.5,44.337
6.55,44.349
6.6,44.516
6.65,44.635
6.7,44.787
6.75,45.005
6.8,45.21
6.85,45.239
6.9,45.209
6.95,45.226
7.0,45.092
7.05,44.913
7.1,44.818
7.15,44.716
7.2,44.711
7.25,44.807
7.3,44.821
7.35,44.819
7.4,44.88
7.45,44.97
7.5,45.052
7.55,45.138
7.6,45.345
7.65,45.589
7.7,45.705
7.75,45.693
7.8,45.697
7.85,45.575
7.9,45.391
7.95,45.195
8.0,45.007
8.05,44.899
8.1,44.975
8.15,45.275
8.2,45.781
8.25,46.434
8.3,47.088
8.35,47.745
8.4,48.332
8.45,48.713
8.5,48.652
8.55,48.269
8.6,47.67
8.65,47.094
8.7,46.591
8.75,46.427
8.8,46.583
8.85,46.943
8.9,47.408
8.95,47.885
9.0,48.402
9.05,48.796
9.1,49.059
9.15,49.079
9.2,48.876
9.25,48.486
9.3,48.059
9.35,47.769
9.4,47.658
9.45,47.614
9.5,47.787
9.55,48.151
9.6,48.487
9.65,48.694
9.7,48.85
9.75,49.054
9.8,49.148
9.85,49.205
9.9,49.364
9.95,49.451
10.0,49.567
10.05,49.694
10.1,49.895
10.15,50.235
10.2,50.458
10.25,50.578
10.3,50.478
10.35,50.247
10.4,50.048
10.45,49.871
10.5,49.805
10.55,49.884
10.6,50.124
10.65,50.547
10.7,50.935
10.75,51.21
10.8,51.281
10.85,51.233
10.9,51.076
10.95,50.887
11.0,50.871
11.05,51.08
11.1,51.241
11.15,51.316
11.2,51.394
11.25,51.223
11.3,50.963
11.35,50.655
11.4,50.462
11.45,50.214
11.5,49.98
11.55,49.885
11.6,49.863
11.65,49.898
11.7,50.044
11.75,50.182
11.8,50.314
11.85,50.494
11.9,50.728
11.95,50.926
12.0,51.089
12.05,51.16
12.1,51.21
12.15,51.289
12.2,51.281
12.25,51.339
12.3,51.511
12.35,51.613
12.4,51.673
12.45,51.638
12.5,51.424
12.55,51.238
12.6,51.075
12.65,51.029
12.7,51.012
12.75,51.075
12.8,51.198
12.85,51.223
12.9,51.259
12.95,51.214
13.0,51.188
13.05,51.215
13.1,51.174
13.15,51.168
13.2,51.189
13.25,51.244
13.3,51.156
13.35,50.911
13.4,50.785
13.45,50.903
13.5,51.063
13.55,51.078
13.6,50.936
13.65,50.768
13.7,50.604
13.75,50.601
13.8,50.57
13.85,50.555
13.9,50.719
13.95,50.721
14.0,50.674
14.05,50.564
14.1,50.29
14.15,50.153
14.2,50.176
14.25,50.225
14.3,50.296
14.35,50.406
14.4,50.516
14.45,50.551
14.5,50.522
14.55,50.477
14.6,50.48
14.65,50.6
14.7,50.663
14.75,50.649
14.8,50.598
14.85,50.514
14.9,50.439
14.95,50.327
15.0,50.198
15.05,50.222
15.1,50.305
15.15,50.36
15.2,50.414
15.25,50.612
15.3,50.849
15.35,51.099
15.4,51.32
15.45,51.467
15.5,51.516
15.55,51.596
15.6,51.723
15.65,51.806
15.7,51.914
15.75,52.058
15.8,52.25
15.85,52.572
15.9,52.73
15.95,53.025
16.0,53.464
16.05,53.869
16.1,54.124
16.15,54.265
16.2,54.373
16.25,54.477
16.3,54.547
16.35,54.786
16.4,55.124
16.45,55.442
16.5,55.562
16.55,55.474
16.6,55.156
16.65,54.785
16.7,54.521
16.75,54.291
16.8,54.029
16.85,53.781
16.9,53.731
16.95,53.827
17.0,54.0
17.05,54.232
17.1,54.479
17.15,54.593
17.2,54.663
17.25,54.608
17.3,54.505
17.35,54.339
17.4,54.259
17.45,54.343
17.5,54.486
17.55,54.501
17.6,54.351
17.65,54.176
17.7,53.915
17.75,53.665
17.8,53.449
17.85,53.36
17.9,53.218
17.95,53.281
18.0,53.343
18.05,53.36
18.1,53.343
18.15,53.232
18.2,53.048
18.25,52.916
18.3,52.812
18.35,52.752
18.4,52.681
18.45,52.629
18.5,52.543
18.55,52.402
18.6,52.268
18.65,52.25
18.7,52.173
18.75,52.029
18.8,51.677
18.85,51.265
18.9,50.978
18.95,50.88
19.0,50.923
19.05,51.054
19.1,50.815
19.15,50.439
19.2,50.181
19.25,50.092
19.3,50.174
19.35,50.251
19.4,50.285
19.45,50.131
19.5,49.773
19.55,49.541
19.6,49.485
19.65,49.524
19.7,49.638
19.75,49.79
19.8,49.827
19.85,49.717
19.9,49.52
19.95,49.311
20.0,49.058
20.05,48.809
20.1,48.391
20.15,48.021
20.2,47.789
20.25,47.722
20.3,47.794
20.35,47.946
20.4,47.977
20.45,47.601
20.5,47.362
20.55,47.157
20.6,47.1
20.65,47.251
20.7,47.56
20.75,47.417
20.8,46.998
20.85,46.715
20.9,46.563
20.95,46.552
21.0,46.789
21.05,46.841
21.1,46.428
21.15,46.098
21.2,46.06
21.25,46.177
21.3,46.376
21.35,46.554
21.4,46.621
21.45,46.4
21.5,46.13
21.55,45.252
21.6,44.432
21.65,43.976
21.7,43.795
21.75,44.294
21.8,45.249
21.85,46.435
21.9,47.513
21.95,48.297
22.0,48.651
22.05,48.766
22.1,48.416
22.15,47.791
22.2,47.49
22.25,47.497
22.3,47.214
22.35,46.885
22.4,46.575
22.45,46.327
22.5,46.235
22.55,46.433
22.6,45.954
22.65,45.09
22.7,44.616
22.75,44.454
22.8,44.808
22.85,45.465
22.9,46.184
22.95,46.352
23.0,46.464
23.05,46.631
23.1,46.793
23.15,46.926
23.2,47.028
23.25,47.068
23.3,47.092
23.35,47.266
23.4,47.419
23.45,47.581
23.5,47.706
23.55,47.916
23.6,48.139
23.65,48.261
23.7,48.498
23.75,48.817
23.8,48.945
23.85,49.028
23.9,48.943
23.95,48.788
24.0,48.665
24.05,48.541
24.1,48.539
24.15,48.307
24.2,47.983
24.25,47.664
24.3,47.291
24.35,47.011
24.4,46.778
24.45,46.568
24.5,46.346
24.55,46.158
24.6,45.906
24.65,45.632
24.7,45.486
24.75,45.354
24.8,45.096
24.85,44.91
24.9,44.941
24.95,45.033
25.0,45.089
25.05,45.221
25.1,45.349
25.15,45.488
25.2,45.501
25.25,45.543
25.3,45.591
25.35,45.734
25.4,45.82
25.45,45.834
25.5,45.892
25.55,45.891
25.6,45.841
25.65,45.797
25.7,45.684
25.75,45.644
25.8,45.527
25.85,45.346
25.9,45.295
25.95,45.37
26.0,45.489
26.05,45.78
26.1,46.054
26.15,46.457
26.2,46.821
26.25,47.026
26.3,47.157
26.35,47.182
26.4,47.064
26.45,47.011
26.5,46.879
26.55,46.545
26.6,46.33
26.65,46.165
26.7,45.98
26.75,45.826
26.8,45.962
26.85,45.543
26.9,44.756
26.95,44.374
27.0,44.337
27.05,44.488
27.1,44.877
27.15,45.468
27.2,45.605
27.25,45.594
27.3,45.515
27.35,45.405
27.4,45.242
27.45,45.026
27.5,44.89
27.55,44.918
27.6,44.967
27.65,44.962
27.7,44.732
27.75,44.302
27.8,43.816
27.85,43.354
27.9,42.997
27.95,42.606
28.0,42.295
28.05,42.128
28.1,42.28
28.15,42.617
28.2,43.014
28.25,43.155
28.3,43.101
28.35,42.989
28.4,42.829
28.45,42.831
28.5,42.991
28.55,43.331
28.6,43.355
28.65,43.246
28.7,43.226
28.75,43.475
28.8,43.842
28.85,44.155
28.9,44.484
28.95,44.726
29.0,44.887
29.05,45.013
29.1,45.149
29.15,45.108
29.2,45.025
29.25,45.206
29.3,45.266
29.35,45.253
29.4,45.294
29.45,45.314
29.5,45.294
29.55,45.379
29.6,45.651
29.65,46.022
29.7,46.382
29.75,46.664
29.8,46.76
29.85,46.875
29.9,46.975
29.95,47.051
30.0,47.026
30.05,46.905
30.1,46.688
30.15,46.461
30.2,46.257
30.25,46.056
30.3,46.085
30.35,46.314
30.4,46.543
30.45,46.675
30.5,46.708
30.55,46.711
30.6,46.642
30.65,46.486
30.7,46.248
30.75,46.084
30.8,46.021
30.85,46.003
30.9,45.964
30.95,45.779
31.0,45.513
31.05,45.208
31.1,44.857
31.15,44.575
31.2,44.366
31.25,44.31
31.3,44.385
31.35,44.48
31.4,44.516
31.45,44.598
31.5,44.723
31.55,44.751
31.6,44.778
31.65,44.723
31.7,44.565
31.75,44.412
31.8,44.373
31.85,44.452
31.9,44.495
31.95,44.607
32.0,44.775
32.05,44.915
32.1,45.101
32.15,45.239
32.2,45.317
32.25,45.319
32.3,45.479
32.35,45.61
32.4,45.647
32.45,45.703
32.5,45.657
32.55,45.542
32.6,45.427
32.65,45.325
32.7,45.338
32.75,45.497
32.8,45.679
32.85,45.728
32.9,45.792
32.95,45.87
33.0,46.063
33.05,46.193
33.1,46.374
33.15,46.535
33.2,46.73
33.25,46.864
33.3,46.933
33.35,46.952
33.4,46.924
33.45,46.871
33.5,46.868
33.55,46.998
33.6,47.116
33.65,47.191
33.7,47.289
33.75,47.298
33.8,47.293
33.85,47.387
33.9,47.44
33.95,47.402
34.0,47.244
34.05,47.005
34.1,46.708
34.15,46.377
34.2,45.973
34.25,45.66
34.3,45.702
34.35,45.989
34.4,46.351
34.45,46.679
34.5,46.854
34.55,46.961
34.6,46.866
34.65,46.538
34.7,46.105
34.75,45.734
34.8,45.53
34.85,45.34
34.9,45.209
34.95,45.191
35.0,45.257
35.05,45.318
35.1,45.359
35.15,45.285
35.2,45.222
35.25,45.204
35.3,45.331
35.35,45.414
35.4,45.348
35.45,45.096
35.5,44.622
35.55,44.137
35.6,43.752
35.65,43.378
35.7,43.118
35.75,43.119
35.8,43.345
35.85,43.635
35.9,43.789
35.95,43.923
36.0,43.876
36.05,43.84
36.1,43.692
36.15,43.452
36.2,43.215
36.25,43.064
36.3,43.016
36.35,43.02
36.4,42.96
36.45,42.951
36.5,43.097
36.55,43.255
36.6,43.297
36.65,43.241
36.7,43.159
36.75,43.281
36.8,43.551
36.85,43.776
36.9,43.99
36.95,44.147
37.0,44.178
37.05,44.079
37.1,43.984
37.15,43.996
37.2,44.076
37.25,44.231
37.3,44.364
37.35,44.55
37.4,44.527
37.45,44.204
37.5,43.978
37.55,43.92
37.6,44.023
37.65,44.276
37.7,44.461
37.75,44.442
37.8,44.407
37.85,44.383
37.9,43.854
37.95,42.981
38.0,42.455
38.05,42.24
38.1,42.349
38.15,42.793
38.2,43.451
38.25,43.965
38.3,43.764
38.35,43.505
38.4,43.541
38.45,43.713
38.5,43.867
38.55,43.957
38.6,43.659
38.65,43.243
38.7,42.797
38.75,42.408
38.8,42.19
38.85,42.1
38.9,42.043
38.95,42.027
39.0,42.19
39.05,42.252
39.1,42.136
39.15,41.954
39.2,41.748
39.25,41.495
39.3,41.715
39.35,42.165
39.4,42.252
39.45,42.014
39.5,41.604
39.55,41.03
39.6,40.329
39.65,39.703
39.7,39.381
39.75,39.493
39.8,39.67
39.85,40.052
39.9,40.616
39.95,41.275
40.0,41.769
40.05,41.916
40.1,41.739
40.15,41.289
40.2,40.751
40.25,40.686
40.3,41.089
40.35,41.3
40.4,41.188
40.45,40.939
40.5,40.509
40.55,40.061
40.6,40.117
40.65,40.154
40.7,40.113
40.75,39.995
40.8,39.91
40.85,39.75
40.9,39.638
40.95,39.662
41.0,39.668
41.05,39.7
41.1,39.74
41.15,39.771
41.2,39.923
41.25,40.05
41.3,40.089
41.35,40.211
41.4,40.285
41.45,40.413
41.5,40.564
41.55,40.663
41.6,40.659
41.65,40.603
41.7,40.601
41.75,40.485
41.8,40.262
41.85,40.109
41.9,40.023
41.95,40.01
42.0,40.135
42.05,40.358
42.1,40.423
42.15,40.538
42.2,40.674
42.25,40.768
42.3,40.67
42.35,40.539
42.4,40.365
42.45,39.99
42.5,39.599
42.55,39.301
42.6,39.151
42.65,39.089
42.7,39.194
42.75,39.097
42.8,38.739
42.85,38.382
42.9,38.261
42.95,38.41
43.0,38.485
43.05,38.339
43.1,38.306
43.15,38.274
43.2,38.121
43.25,37.888
43.3,37.666
43.35,37.489
43.4,37.329
43.45,37.247
43.5,37.036
43.55,36.805
43.6,36.663
43.65,36.488
43.7,36.375
43.75,36.413
43.8,36.573
43.85,36.829
43.9,37.06
43.95,37.163
44.0,37.044
44.05,36.943
44.1,37.007
44.15,37.282
44.2,37.393
44.25,37.512
44.3,37.552
44.35,37.525
44.4,37.443
44.45,37.263
44.5,37.28
44.55,37.328
44.6,37.379
44.65,37.329
44.7,37.427
44.75,37.6
44.8,37.705
44.85,37.947
44.9,38.071
44.95,38.162
45.0,38.218
45.05,38.101
45.1,37.995
45.15,37.834
45.2,37.715
45.25,37.638
45.3,37.725
45.35,37.765
45.4,37.728
45.45,37.662
45.5,37.664
45.55,37.741
45.6,37.775
45.65,37.665
45.7,37.614
45.75,37.567
45.8,37.51
45.85,37.489
45.9,37.52
45.95,37.542
46.0,37.582
46.05,37.757
46.1,37.973
46.15,38.109
46.2,38.103
46.25,38.145
46.3,38.213
46.35,38.361
46.4,38.474
46.45,38.556
46.5,38.488
46.55,38.434
46.6,38.467
46.65,38.545
46.7,38.642
46.75,38.784
46.8,38.874
46.85,38.993
46.9,39.105
46.95,39.077
47.0,39.202
47.05,39.238
47.1,39.254
47.15,39.298
47.2,39.183
47.25,38.995
47.3,38.782
47.35,38.569
47.4,38.458
47.45,38.433
47.5,38.385
47.55,38.258
47.6,38.2
47.65,38.197
47.7,38.194
47.75,38.275
47.8,38.346
47.85,38.35
47.9,38.377
47.95,38.327
48.0,38.21
48.05,38.069
48.1,38.004
48.15,38.01
48.2,38.066
48.25,38.206
48.3,38.264
48.35,38.162
48.4,38.17
48.45,38.251
48.5,38.342
48.55,38.408
48.6,38.536
48.65,38.501
48.7,38.397
48.75,38.286
48.8,38.128
48.85,37.884
48.9,37.729
48.95,37.608
49.0,37.49
49.05,37.243
49.1,37.049
49.15,36.997
49.2,36.861
49.25,36.634
49.3,36.412
49.35,36.222
49.4,36.189
49.45,36.269
49.5,36.445
49.55,36.456
49.6,36.297
49.65,36.258
49.7,36.198
49.75,36.1
49.8,35.967
49.85,35.914
49.9,35.977
49.95,35.892
50.0,35.785
50.05,35.527
50.1,35.352
50.15,35.132
50.2,34.905
50.25,34.668
50.3,34.406
50.35,34.233
50.4,34.182
50.45,34.202
50.5,34.012
50.55,33.842
50.6,33.798
50.65,33.902
50.7,34.136
50.75,34.421
50.8,34.662
50.85,34.963
50.9,35.216
50.95,35.38
51.0,35.313
51.05,35.217
51.1,35.368
51.15,35.606
51.2,35.714
51.25,35.56
51.3,35.229
51.35,34.845
51.4,34.474
51.45,34.386
51.5,34.419
51.55,34.221
51.6,34.086
51.65,34.11
51.7,34.053
51.75,34.011
51.8,34.107
51.85,34.318
51.9,34.177
51.95,34.098
52.0,34.141
52.05,34.151
52.1,34.141
52.15,34.137
52.2,34.19
52.25,34.377
52.3,34.847
52.35,35.313
52.4,35.581
52.45,35.655
52.5,35.609
52.55,35.445
52.6,35.26
52.65,35.024
52.7,34.85
52.75,34.681
52.8,34.569
52.85,34.621
52.9,34.726
52.95,34.728
53.0,34.661
53.05,34.72
53.1,34.925
53.15,35.121
53.2,35.287
53.25,35.335
53.3,35.329
53.35,35.306
53.4,35.142
53.45,34.919
53.5,34.738
53.55,34.642
53.6,34.397
53.65,34.075
53.7,33.704
53.75,33.464
53.8,33.178
53.85,32.972
53.9,32.802
53.95,32.867
54.0,33.107
54.05,33.352
54.1,33.572
54.15,33.738
54.2,33.796
54.25,33.888
54.3,34.007
54.35,34.043
54.4,34.09
54.45,34.089
54.5,34.112
54.55,34.15
54.6,34.102
54.65,34.073
54.7,34.205
54.75,34.384
54.8,34.495
54.85,34.483
54.9,34.395
54.95,34.486
55.0,34.711
55.05,35.04
55.1,35.422
55.15,35.781
55.2,36.169
55.25,36.438
55.3,36.544
55.35,36.571
55.4,36.519
55.45,36.41
55.5,36.492
55.55,36.609
55.6,36.736
55.65,36.606
55.7,36.414
55.75,36.264
55.8,36.132
55.85,35.99
55.9,35.901
55.95,35.832
56.0,35.846
56.05,35.883
56.1,35.937
56.15,36.018
56.2,36.026
56.25,35.973
56.3,35.786
56.35,35.467
56.4,35.179
56.45,34.972
56.5,34.797
56.55,34.623
56.6,34.588
56.65,34.541
56.7,34.654
56.75,34.809
56.8,34.893
56.85,35.077
56.9,35.168
56.95,35.309
57.0,35.524
57.05,35.821
57.1,36.059
57.15,36.159
57.2,35.989
57.25,35.817
57.3,36.042
57.35,36.175
57.4,36.287
57.45,36.303
57.5,36.219
57.55,36.167
57.6,36.243
57.65,36.409
57.7,36.646
57.75,36.68
57.8,36.62
57.85,36.629
57.9,36.842
57.95,37.08
58.0,37.286
58.05,37.478
58.1,37.627
58.15,37.601
58.2,37.57
58.25,37.505
58.3,37.235
58.35,36.998
58.4,36.796
58.45,36.637
58.5,36.401
58.55,36.068
58.6,35.813
58.65,35.654
58.7,35.571
58.75,35.526
58.8,35.369
58.85,35.153
58.9,34.925
58.95,34.624
59.0,34.228
59.05,33.936
59.1,33.8
59.15,33.77
59.2,33.753
59.25,33.83
59.3,33.933
59.35,34.105
59.4,34.228
59.45,34.423
59.5,34.492
59.55,34.544
59.6,34.485
59.65,34.43
59.7,34.315
59.75,34.127
59.8,33.915
59.85,33.738
59.9,33.677
59.95,33.771
60.0,34.096
60.05,34.449
60.1,34.775
60.15,34.877
60.2,34.735
60.25,34.569
60.3,34.442
60.35,34.349
60.4,34.244
60.45,34.148
60.5,34.065
60.55,33.878
60.6,33.673
60.65,33.643
60.7,33.681
60.75,33.671
60.8,33.682
60.85,33.673
60.9,33.809
60.95,33.934
61.0,33.972
61.05,33.962
61.1,34.102
61.15,34.354
61.2,34.678
61.25,34.995
61.3,35.185
61.35,35.35
61.4,35.399
61.45,35.481
61.5,35.653
61.55,35.901
61.6,36.175
61.65,36.493
61.7,36.826
61.75,37.02
61.8,37.13
61.85,37.215
61.9,37.444
61.95,37.88
62.0,38.123
62.05,38.219
62.1,38.263
62.15,38.322
62.2,38.547
62.25,38.833
62.3,39.059
62.35,39.28
62.4,39.508
62.45,39.626
62.5,39.63
62.55,39.527
62.6,39.395
62.65,39.178
62.7,38.975
62.75,38.778
62.8,38.595
62.85,38.396
62.9,38.257
62.95,38.159
63.0,38.063
63.05,38.165
63.1,38.474
63.15,38.717
63.2,38.826
63.25,38.609
63.3,38.174
63.35,37.704
63.4,37.511
63.45,37.52
63.5,37.418
63.55,37.31
63.6,37.276
63.65,37.358
63.7,37.426
63.75,37.477
63.8,37.417
63.85,37.346
63.9,37.294
63.95,37.35
64.0,37.574
64.05,37.805
64.1,38.014
64.15,38.19
64.2,38.523
64.25,38.847
64.3,39.053
64.35,39.204
64.4,39.164
64.45,39.077
64.5,39.017
64.55,39.008
64.6,39.069
64.65,39.299
64.7,39.61
64.75,39.951
64.8,40.383
64.85,40.585
64.9,40.697
64.95,40.793
65.0,40.866
65.05,41.001
65.1,41.108
65.15,41.258
65.2,41.289
65.25,41.21
65.3,41.054
65.35,40.724
65.4,40.426
65.45,40.266
65.5,40.292
65.55,40.323
65.6,40.4
65.65,40.677
65.7,41.03
65.75,41.374
65.8,41.524
65.85,41.605
65.9,41.568
65.95,41.566
66.0,41.544
66.05,41.546
66.1,41.497
66.15,41.469
66.2,41.302
66.25,41.017
66.3,40.731
66.35,40.589
66.4,40.57
66.45,40.663
66.5,40.867
66.55,41.244
66.6,41.564
66.65,41.797
66.7,41.952
66.75,42.065
66.8,42.044
66.85,41.847
66.9,41.644
66.95,41.642
67.0,41.68
67.05,41.783
67.1,41.921
67.15,42.089
67.2,42.377
67.25,42.702
67.3,42.995
67.35,43.192
67.4,43.282
67.45,43.121
67.5,42.916
67.55,42.665
67.6,42.474
67.65,42.398
67.7,42.532
67.75,42.78
67.8,43.174
67.85,43.7
67.9,44.009
67.95,44.145
68.0,44.313
68.05,44.439
68.1,44.691
68.15,44.97
68.2,45.249
68.25,45.488
68.3,45.781
68.35,46.026
68.4,46.27
68.45,46.458
68.5,46.552
68.55,46.541
68.6,46.53
68.65,46.508
68.7,46.504
68.75,46.409
68.8,46.379
68.85,46.504
68.9,46.844
68.95,47.238
69.0,47.701
69.05,48.324
69.1,48.881
69.15,49.245
69.2,49.434
69.25,49.518
69.3,49.46
69.35,49.327
69.4,49.099
69.45,48.866
69.5,48.572
69.55,48.363
69.6,48.258
69.65,48.244
69.7,48.388
69.75,48.619
69.8,48.715
69.85,48.738
69.9,48.572
69.95,48.482
70.0,48.469
70.05,48.351
70.1,48.229
70.15,48.113
70.2,48.148
70.25,48.253
70.3,48.279
70.35,48.195
70.4,48.127
70.45,48.172
70.5,48.214
70.55,48.252
70.6,48.343
70.65,48.522
70.7,48.592
70.75,48.664
70.8,48.83
70.85,49.011
70.9,49.132
70.95,49.144
71.0,49.093
71.05,49.139
71.1,49.043
71.15,48.992
71.2,49.039
71.25,49.007
71.3,48.815
71.35,48.637
71.4,48.493
71.45,48.392
71.5,48.354
71.55,48.495
71.6,48.634
71.65,48.858
71.7,49.011
71.75,49.105
71.8,49.201
71.85,49.241
71.9,49.376
71.95,49.632
72.0,49.787
72.05,49.932
72.1,50.073
72.15,50.171
72.2,50.205
72.25,50.384
72.3,50.608
72.35,50.811
72.4,50.981
72.45,51.109
72.5,51.14
72.55,51.156
72.6,51.189
72.65,51.186
72.7,51.116
72.75,51.052
72.8,50.917
72.85,50.574
72.9,50.136
72.95,49.855
73.0,49.684
73.05,49.48
73.1,49.387
73.15,49.495
73.2,49.57
73.25,49.513
73.3,49.37
73.35,49.139
73.4,48.948
73.45,48.93
73.5,49.121
73.55,49.381
73.6,49.609
73.65,49.791
73.7,49.859
73.75,49.779
73.8,49.463
73.85,49.029
73.9,48.48
73.95,48.021
74.0,47.668
74.05,47.444
74.1,47.351
74.15,47.381
74.2,47.504
74.25,47.616
74.3,47.7
74.35,47.828
74.4,47.9
74.45,47.718
74.5,47.428
74.55,47.037
74.6,46.724
74.65,46.473
74.7,46.388
74.75,46.352
74.8,46.201
74.85,45.915
74.9,45.655
74.95,45.594
75.0,45.564
75.05,45.478
75.1,45.418
75.15,45.325
75.2,45.243
75.25,45.097
75.3,44.991
75.35,44.769
75.4,44.481
75.45,44.248
75.5,44.066
75.55,43.943
75.6,43.933
75.65,43.865
75.7,43.943
75.75,43.97
75.8,43.975
75.85,44.07
75.9,44.185
75.95,44.177
76.0,44.082
76.05,43.948
76.1,43.957
76.15,43.958
76.2,43.908
76.25,43.874
76.3,43.97
76.35,44.035
76.4,43.958
76.45,43.825
76.5,43.739
76.55,43.787
76.6,43.985
76.65,44.292
76.7,44.541
76.75,44.846
76.8,45.16
76.85,45.233
76.9,45.22
76.95,45.271
77.0,45.448
77.05,45.805
77.1,46.129
77.15,46.301
77.2,46.408
77.25,46.583
77.3,46.703
77.35,46.994
77.4,47.449
77.45,47.816
77.5,48.076
77.55,48.226
77.6,48.333
77.65,48.33
77.7,48.348
77.75,48.48
77.8,48.564
77.85,48.596
77.9,48.621
77.95,48.498
78.0,48.395
78.05,48.372
78.1,48.473
78.15,48.608
78.2,48.797
78.25,48.913
78.3,49.006
78.35,49.18
78.4,49.385
78.45,49.488
78.5,49.461
78.55,49.364
78.6,49.454
78.65,49.846
78.7,50.226
78.75,50.299
78.8,50.168
78.85,50.163
78.9,50.245
78.95,50.425
79.0,50.72
79.05,51.087
79.1,51.115
79.15,51.135
79.2,51.333
79.25,51.642
79.3,52.108
79.35,52.518
79.4,52.791
79.45,52.759
79.5,52.544
79.55,52.35
79.6,52.172
79.65,52.032
79.7,51.904
79.75,51.802
79.8,51.716
79.85,51.546
79.9,51.372
79.95,51.081
80.0,50.896
80.05,50.787
80.1,50.75
80.15,50.678
80.2,50.61
80.25,50.663
80.3,50.734
80.35,50.949
80.4,51.16
80.45,51.428
80.5,51.687
80.55,51.826
80.6,51.818
80.65,51.722
80.7,51.568
80.75,51.411
80.8,51.305
80.85,51.164
80.9,50.961
80.95,50.695
81.0,50.539
81.05,50.504
81.1,50.558
81.15,50.729
81.2,51.045
81.25,51.19
81.3,51.318
81.35,51.358
81.4,51.379
81.45,51.376
81.5,51.387
81.55,51.533
81.6,51.658
81.65,51.657
81.7,51.673
81.75,51.624
81.8,51.632
81.85,51.682
81.9,51.755
81.95,51.607
82.0,51.421
82.05,51.268
82.1,51.141
82.15,51.114
82.2,51.176
82.25,51.335
82.3,51.591
82.35,51.717
82.4,51.679
82.45,51.636
82.5,51.761
82.55,51.981
82.6,51.837
82.65,51.558
82.7,51.381
82.75,51.462
82.8,51.703
82.85,51.896
82.9,52.429
82.95,53.8
83.0,54.703
83.05,55.072
83.1,54.544
83.15,53.609
83.2,52.591
83.25,51.341
83.3,51.021
83.35,50.887
83.4,51.024
83.45,51.165
83.5,51.345
83.55,51.387
83.6,51.337
83.65,51.118
83.7,50.903
83.75,50.587
83.8,50.324
83.85,50.168
83.9,50.148
83.95,50.529
84.0,49.939
84.05,49.29
84.1,48.804
84.15,48.637
84.2,48.83
84.25,49.293
84.3,49.499
84.35,48.772
84.4,48.151
84.45,47.894
84.5,47.969
84.55,48.417
84.6,49.011
84.65,49.382
84.7,49.037
84.75,48.659
84.8,48.52
84.85,48.608
84.9,48.88
84.95,49.156
85.0,49.314
85.05,49.568
85.1,49.824
85.15,49.984
85.2,50.022
85.25,49.904
85.3,49.721
85.35,49.497
85.4,49.197
85.45,48.803
85.5,48.366
85.55,47.896
85.6,47.505
85.65,47.333
85.7,47.314
85.75,47.537
85.8,47.733
85.85,47.862
85.9,48.011
85.95,48.273
86.0,48.481
86.05,48.73
86.1,48.867
86.15,48.878
86.2,48.798
86.25,48.722
86.3,48.651
86.35,48.689
86.4,48.852
86.45,49.053
86.5,49.166
86.55,49.06
86.6,48.845
86.65,48.673
86.7,48.881
86.75,49.123
86.8,49.173
86.85,49.229
86.9,49.197
86.95,49.12
87.0,49.053
87.05,49.083
87.1,49.095
87.15,49.137
87.2,49.227
87.25,49.36
87.3,49.553
87.35,49.692
87.4,49.546
87.45,49.363
87.5,49.341
87.55,49.545
87.6,49.888
87.65,50.372
87.7,50.661
87.75,50.906
87.8,51.063
87.85,51.177
87.9,51.202
87.95,51.254
88.0,51.347
88.05,51.46
88.1,51.62
88.15,51.833
88.2,52.046
88.25,52.295
88.3,52.562
88.35,52.777
88.4,52.919
88.45,52.989
88.5,53.004
88.55,52.998
88.6,52.923
88.65,52.906
88.7,52.798
88.75,52.54
88.8,52.29
88.85,52.231
88.9,52.256
88.95,52.254
89.0,52.303
89.05,52.439
89.1,52.606
89.15,52.655
89.2,52.602
89.25,52.311
89.3,51.969
89.35,51.503
89.4,51.161
89.45,50.97
89.5,50.662
89.55,50.316
89.6,50.094
89.65,49.819
89.7,49.601
89.75,49.427
89.8,49.461
89.85,49.654
89.9,49.696
89.95,49.574
90.0,49.45
90.05,49.344
90.1,49.346
90.15,49.542
90.2,49.894
90.25,50.017
90.3,49.971
90.35,49.967
90.4,50.05
90.45,50.258
90.5,50.528
90.55,50.734
90.6,51.033
90.65,51.25
90.7,51.255
90.75,51.083
90.8,50.786
90.85,50.443
90.9,50.172
90.95,50.138
91.0,50.341
91.05,50.836
91.1,51.204
91.15,51.448
91.2,51.624
91.25,51.752
91.3,51.872
91.35,51.837
91.4,51.767
91.45,51.802
91.5,51.875
91.55,51.9
91.6,51.802
91.65,51.697
91.7,51.557
91.75,51.409
91.8,51.265
91.85,51.141
91.9,51.029
91.95,50.984
92.0,51.05
92.05,50.936
92.1,50.654
92.15,50.482
92.2,50.47
92.25,50.647
92.3,50.967
92.35,51.229
92.4,51.428
92.45,51.63
92.5,51.829
92.55,52.045
92.6,52.236
92.65,52.192
92.7,52.047
92.75,51.924
92.8,51.818
92.85,51.671
92.9,51.549
92.95,51.601
93.0,51.711
93.05,51.908
93.1,51.999
93.15,51.887
93.2,51.699
93.25,51.495
93.3,51.55
93.35,51.618
93.4,51.736
93.45,51.771
93.5,51.619
93.55,51.344
93.6,51.087
93.65,50.849
93.7,50.664
93.75,50.716
93.8,50.875
93.85,51.061
93.9,51.219
93.95,51.349
94.0,51.442
94.05,51.529
94.1,51.447
94.15,51.236
94.2,50.997
94.25,50.756
94.3,50.517
94.35,50.288
94.4,50.176
94.45,50.08
94.5,49.924
94.55,49.699
94.6,49.55
94.65,49.513
94.7,49.561
94.75,49.514
94.8,49.395
94.85,49.189
94.9,49.005
94.95,49.085
95.0,49.345
95.05,49.527
95.1,49.479
95.15,49.251
95.2,48.893
95.25,48.545
95.3,48.24
95.35,47.925
95.4,47.678
95.45,47.543
95.5,47.652
95.55,47.944
95.6,48.127
95.65,48.163
95.7,48.194
95.75,48.161
95.8,48.286
95.85,48.576
95.9,48.627
95.95,48.53
96.0,48.448
96.05,48.414
96.1,48.497
96.15,48.546
96.2,48.725
96.25,49.002
96.3,49.222
96.35,49.35
96.4,49.299
96.45,49.155
96.5,48.986
96.55,48.843
96.6,48.756
96.65,48.7
96.7,48.621
96.75,48.557
96.8,48.518
96.85,48.465
96.9,48.45
96.95,48.588
97.0,48.743
97.05,48.727
97.1,48.798
97.15,49.011
97.2,49.117
97.25,49.278
97.3,49.434
97.35,49.558
97.4,49.651
97.45,49.82
97.5,50.076
97.55,50.209
97.6,50.149
97.65,49.962
97.7,49.769
97.75,49.561
97.8,49.25
97.85,48.895
97.9,48.66
97.95,48.662
98.0,48.761
98.05,49.037
98.1,49.267
98.15,49.403
98.2,49.45
98.25,49.51
98.3,49.478
98.35,49.515
98.4,49.731
98.45,49.96
98.5,50.193
98.55,50.409
98.6,50.52
98.65,50.582
98.7,50.631
98.75,50.607
98.8,50.686
98.85,50.891
98.9,50.899
98.95,50.781
99.0,50.728
99.05,50.652
99.1,50.511
99.15,50.407
99.2,50.386
99.25,50.266
99.3,50.068
99.35,49.921
99.4,49.879
99.45,49.976
99.5,50.165
99.55,50.256
99.6,50.354
99.65,50.504
99.7,50.606
99.75,50.703
99.8,50.87
99.85,51.034
99.9,51.08
99.95,51.063
100.0,51.161
100.05,51.346
100.1,51.461
100.15,51.5
100.2,51.698
100.25,51.905
100.3,52.02
100.35,52.158
100.4,52.238
100.45,52.19
100.5,52.176
100.55,52.2
100.6,52.316
100.65,52.512
100.7,52.789
100.75,53.1
100.8,53.364
100.85,53.503
100.9,53.598
100.95,53.714
101.0,53.983
101.05,54.25
101.1,54.413
101.15,54.318
101.2,54.0
101.25,53.7
101.3,53.742
101.35,54.013
101.4,54.16
101.45,54.175
101.5,53.913
101.55,53.619
101.6,53.445
101.65,53.357
101.7,53.478
101.75,53.524
101.8,53.639
101.85,53.822
101.9,54.069
101.95,54.248
102.0,54.159
102.05,53.908
102.1,53.613
102.15,53.397
102.2,53.246
102.25,53.0
102.3,52.817
102.35,52.788
102.4,52.901
102.45,53.003
102.5,53.096
102.55,53.175
102.6,53.24
102.65,53.221
102.7,53.171
102.75,53.123
102.8,53.077
102.85,53.065
102.9,52.968
102.95,52.851
103.0,52.706
103.05,52.526
103.1,52.329
103.15,52.348
103.2,52.466
103.25,52.681
103.3,52.831
103.35,52.743
103.4,52.656
103.45,52.56
103.5,52.609
103.55,52.577
103.6,52.468
103.65,52.157
103.7,51.808
103.75,51.512
103.8,51.26
103.85,50.938
103.9,50.619
103.95,50.348
104.0,50.332
104.05,49.875
104.1,48.771
104.15,47.801
104.2,47.549
104.25,47.58
104.3,47.906
104.35,48.421
104.4,49.336
104.45,48.724
104.5,48.164
104.55,48.101
104.6,48.102
104.65,48.764
104.7,49.388
104.75,48.737
104.8,47.11
104.85,46.247
104.9,46.347
104.95,47.147
105.0,48.5
105.05,49.907
105.1,50.892
105.15,51.471
105.2,51.858
105.25,52.175
105.3,51.92
105.35,51.731
105.4,51.483
105.45,51.385
105.5,51.195
105.55,50.994
105.6,50.743
105.65,50.508
105.7,50.453
105.75,50.636
105.8,51.016
105.85,51.17
105.9,50.984
105.95,50.92
106.0,50.982
106.05,51.011
106.1,51.16
106.15,51.3
106.2,51.303
106.25,51.324
106.3,51.464
106.35,51.675
106.4,51.86
106.45,51.943
106.5,52.11
106.55,52.312
106.6,52.433
106.65,52.362
106.7,52.177
106.75,51.908
106.8,51.497
106.85,50.951
106.9,50.488
106.95,50.233
107.0,50.148
107.05,50.175
107.1,50.391
107.15,50.739
107.2,51.099
107.25,51.369
107.3,51.611
107.35,51.755
107.4,51.814
107.45,51.76
107.5,51.823
107.55,51.869
107.6,51.827
107.65,51.776
107.7,51.737
107.75,51.561
107.8,51.448
107.85,51.475
107.9,51.413
107.95,51.403
108.0,51.455
108.05,51.408
108.1,51.325
108.15,51.25
108.2,51.2
108.25,51.288
108.3,51.423
108.35,51.436
108.4,51.363
108.45,51.24
108.5,51.087
108.55,50.739
108.6,50.31
108.65,49.882
108.7,49.627
108.75,49.574
108.8,49.703
108.85,49.978
108.9,50.277
108.95,50.534
109.0,50.815
109.05,51.1
109.1,51.291
109.15,51.305
109.2,51.051
109.25,50.666
109.3,50.408
109.35,50.347
109.4,50.29
109.45,50.187
109.5,50.097
109.55,50.101
109.6,50.253
109.65,50.376
109.7,50.543
109.75,50.846
109.8,51.179
109.85,51.425
109.9,51.415
109.95,51.281
110.0,51.13
110.05,51.278
110.1,51.41
110.15,51.486
110.2,51.562
110.25,51.689
110.3,51.853
110.35,51.908
110.4,51.959
110.45,52.142
110.5,52.256
110.55,52.327
110.6,52.314
110.65,52.151
110.7,51.804
110.75,51.296
110.8,50.997
110.85,51.001
110.9,51.141
110.95,51.35
111.0,51.657
111.05,51.941
111.1,51.79
111.15,51.732
111.2,51.846
111.25,51.922
111.3,51.899
111.35,51.712
111.4,51.539
111.45,51.545
111.5,51.818
111.55,52.169
111.6,52.242
111.65,52.117
111.7,52.056
111.75,52.107
111.8,52.185
111.85,52.296
111.9,52.376
111.95,52.335
112.0,52.324
112.05,52.455
112.1,52.513
112.15,52.531
112.2,52.612
112.25,52.754
112.3,52.793
112.35,52.78
112.4,52.931
112.45,53.019
112.5,53.088
112.55,53.102
112.6,53.024
112.65,52.812
112.7,52.586
112.75,52.548
112.8,52.507
112.85,52.435
112.9,52.337
112.95,52.287
113.0,52.16
113.05,52.034
113.1,51.824
113.15,51.676
113.2,51.626
113.25,51.653
113.3,51.795
113.35,51.851
113.4,51.762
113.45,51.714
113.5,51.646
113.55,51.572
113.6,51.485
113.65,51.35
113.7,51.421
113.75,51.595
113.8,51.771
113.85,51.841
113.9,51.78
113.95,51.626
114.0,51.39
114.05,51.148
114.1,50.871
114.15,50.594
114.2,50.329
114.25,50.19
114.3,50.173
114.35,50.107
114.4,50.138
114.45,50.087
114.5,49.969
114.55,49.849
114.6,49.686
114.65,49.567
114.7,49.578
114.75,49.762
114.8,49.837
114.85,49.747
114.9,49.749
114.95,49.648
115.0,49.537
115.05,49.503
115.1,49.59
115.15,49.667
115.2,49.548
115.25,49.407
115.3,49.34
115.35,49.283
115.4,49.243
115.45,49.221
115.5,49.247
115.55,49.404
115.6,49.514
115.65,49.6
115.7,49.581
115.75,49.547
115.8,49.571
115.85,49.603
115.9,49.625
115.95,49.682
116.0,49.741
116.05,49.825
116.1,49.977
116.15,50.131
116.2,50.144
116.25,50.083
116.3,49.851
116.35,49.641
116.4,49.786
116.45,50.193
116.5,50.694
116.55,51.105
116.6,51.225
116.65,51.306
116.7,51.447
116.75,51.633
116.8,51.852
116.85,52.1
116.9,52.367
116.95,52.737
117.0,53.239
117.05,53.538
117.1,53.676
117.15,53.661
117.2,53.66
117.25,53.731
117.3,53.752
117.35,53.703
117.4,53.793
117.45,53.949
117.5,54.086
117.55,54.33
117.6,54.771
117.65,55.132
117.7,55.564
117.75,55.891
117.8,56.057
117.85,55.919
117.9,55.593
117.95,56.866
118.0,57.792
118.05,58.158
118.1,57.957
118.15,57.278
118.2,56.096
118.25,55.915
118.3,57.042
118.35,57.805
118.4,57.856
118.45,57.386
118.5,56.405
118.55,55.29
118.6,54.585
118.65,54.034
118.7,53.754
118.75,53.632
118.8,53.698
118.85,53.799
118.9,54.104
118.95,54.422
119.0,54.724
119.05,54.915
119.1,54.842
119.15,54.605
119.2,54.152
119.25,53.803
119.3,53.627
119.35,53.496
119.4,53.173
119.45,53.047
119.5,53.065
119.55,53.265
119.6,53.415
119.65,53.426
119.7,53.424
119.75,53.417
119.8,53.482
119.85,53.536
119.9,53.4
119.95,53.38
120.0,53.367
120.05,53.496
120.1,53.62
120.15,53.624
120.2,53.55
120.25,53.409
120.3,53.222
120.35,52.994
120.4,52.936
120.45,53.069
120.5,53.254
120.55,53.421
120.6,53.633
120.65,53.753
120.7,53.677
120.75,53.503
120.8,53.342
120.85,53.252
120.9,53.14
120.95,53.285
121.0,53.697
121.05,53.651
121.1,53.349
121.15,53.227
121.2,53.135
121.25,53.093
121.3,53.08
121.35,53.083
121.4,52.831
121.45,52.672
121.5,52.761
121.55,52.859
121.6,52.816
121.65,52.728
121.7,53.321
121.75,53.819
121.8,54.074
121.85,53.984
121.9,53.61
121.95,53.012
122.0,52.379
122.05,51.966
122.1,51.545
122.15,51.16
122.2,50.868
122.25,50.733
122.3,50.796
122.35,50.607
122.4,50.32
122.45,50.223
122.5,50.041
122.55,49.784
122.6,49.453
122.65,49.153
122.7,48.949
122.75,48.873
122.8,48.794
122.85,48.784
122.9,48.689
122.95,48.55
123.0,48.364
123.05,48.186
123.1,47.708
123.15,47.245
123.2,46.981
123.25,46.877
123.3,46.894
123.35,46.871
123.4,46.896
123.45,46.876
123.5,46.947
123.55,47.162
123.6,47.333
123.65,47.563
123.7,47.619
123.75,47.555
123.8,47.377
123.85,47.053
123.9,46.629
123.95,46.149
124.0,46.034
124.05,46.004
124.1,45.982
124.15,46.007
124.2,45.955
124.25,45.76
124.3,45.804
124.35,45.963
124.4,46.011
124.45,45.906
124.5,45.805
124.55,45.629
124.6,45.404
124.65,45.236
124.7,45.206
124.75,45.256
124.8,45.329
124.85,45.328
124.9,45.316
124.95,45.273
125.0,45.18
125.05,45.121
125.1,45.105
125.15,45.0
125.2,44.908
125.25,44.871
125.3,44.957
125.35,45.064
125.4,45.239
125.45,45.366
125.5,45.132
125.55,44.857
125.6,44.734
125.65,44.816
125.7,45.094
125.75,45.43
125.8,45.746
125.85,46.028
125.9,46.096
125.95,46.034
126.0,46.031
126.05,46.245
126.1,46.502
126.15,46.719
126.2,46.846
126.25,46.826
126.3,46.824
126.35,47.0
126.4,47.356
126.45,47.715
126.5,47.874
126.55,47.957
126.6,47.991
126.65,47.962
126.7,47.968
126.75,48.074
126.8,48.366
126.85,48.572
126.9,48.682
126.95,48.637
127.0,48.567
127.05,48.59
127.1,48.916
127.15,49.264
127.2,49.386
127.25,49.366
127.3,49.269
127.35,49.179
127.4,49.087
127.45,49.141
127.5,49.24
127.55,49.352
127.6,49.516
127.65,49.715
127.7,50.045
127.75,50.366
127.8,50.63
127.85,50.797
127.9,50.966
127.95,51.12
128.0,51.303
128.05,51.56
128.1,51.719
128.15,51.756
128.2,51.74
128.25,51.875
128.3,52.239
128.35,52.548
128.4,52.631
128.45,52.571
128.5,52.444
128.55,52.45
128.6,52.508
128.65,52.47
128.7,52.323
128.75,52.162
128.8,51.88
128.85,51.618
128.9,51.45
128.95,51.36
129.0,51.514
129.05,51.815
129.1,52.17
129.15,52.521
129.2,53.001
129.25,53.381
129.3,53.571
129.35,53.651
129.4,53.707
129.45,53.844
129.5,53.888
129.55,53.899
129.6,53.885
129.65,53.758
129.7,53.66
129.75,53.641
129.8,53.727
129.85,53.94
129.9,54.017
129.95,53.765
130.0,53.623
130.05,53.662
130.1,53.937
130.15,54.261
130.2,54.832
130.25,55.397
130.3,55.981
130.35,56.464
130.4,56.702
130.45,56.852
130.5,56.966
130.55,57.158
130.6,57.456
130.65,57.778
130.7,58.109
130.75,58.268
130.8,58.345
130.85,58.242
130.9,57.966
130.95,57.898
131.0,58.026
131.05,58.049
131.1,57.883
131.15,57.709
131.2,57.503
131.25,57.423
131.3,57.583
131.35,57.719
131.4,57.878
131.45,57.967
131.5,58.01
131.55,58.137
131.6,58.355
131.65,58.57
131.7,58.696
131.75,58.716
131.8,58.7
131.85,58.73
131.9,58.752
131.95,58.797
132.0,58.781
132.05,58.657
132.1,58.37
132.15,58.169
132.2,58.299
132.25,58.604
132.3,59.011
132.35,59.351
132.4,59.557
132.45,59.582
132.5,59.742
132.55,60.033
132.6,60.321
132.65,60.297
132.7,60.057
132.75,59.924
132.8,59.991
132.85,60.319
132.9,60.748
132.95,61.124
133.0,61.363
133.05,61.544
133.1,61.578
133.15,61.596
133.2,61.74
133.25,61.993
133.3,62.246
133.35,62.492
133.4,62.647
133.45,62.636
133.5,62.413
133.55,62.179
133.6,61.974
133.65,61.731
133.7,61.553
133.75,61.54
133.8,61.597
133.85,61.774
133.9,61.931
133.95,62.02
134.0,62.054
134.05,62.003
134.1,61.893
134.15,61.56
134.2,61.113
134.25,60.742
134.3,60.467
134.35,60.241
134.4,60.104
134.45,60.026
134.5,59.905
134.55,59.927
134.6,59.933
134.65,59.872
134.7,59.756
134.75,59.556
134.8,59.478
134.85,59.483
134.9,59.604
134.95,59.713
135.0,59.638
135.05,59.473
135.1,59.284
135.15,58.972
135.2,58.683
135.25,58.442
135.3,58.211
135.35,57.871
135.4,57.542
135.45,57.238
135.5,56.936
135.55,56.723
135.6,56.644
135.65,56.512
135.7,56.423
135.75,56.338
135.8,56.158
135.85,55.922
135.9,55.827
135.95,55.824
136.0,55.771
136.05,55.696
136.1,55.581
136.15,55.448
136.2,55.326
136.25,55.373
136.3,55.525
136.35,55.769
136.4,55.951
136.45,56.095
136.5,56.009
136.55,55.706
136.6,55.581
136.65,55.633
136.7,55.571
136.75,55.268
136.8,54.9
136.85,54.449
136.9,54.014
136.95,53.898
137.0,54.009
137.05,54.215
137.1,54.469
137.15,54.453
137.2,54.424
137.25,54.493
137.3,54.658
137.35,54.878
137.4,54.94
137.45,54.707
137.5,54.515
137.55,54.464
137.6,54.59
137.65,54.786
137.7,55.145
137.75,55.567
137.8,55.861
137.85,56.023
137.9,55.98
137.95,55.826
138.0,55.461
138.05,55.205
138.1,55.505
138.15,55.794
138.2,55.792
138.25,55.505
138.3,55.073
138.35,54.691
138.4,54.385
138.45,54.225
138.5,54.08
138.55,53.987
138.6,53.887
138.65,53.933
138.7,54.083
138.75,54.271
138.8,54.385
138.85,54.405
138.9,54.332
138.95,54.368
139.0,54.466
139.05,54.623
139.1,54.853
139.15,55.144
139.2,55.465
139.25,55.638
139.3,55.72
139.35,55.752
139.4,55.617
139.45,55.57
139.5,55.686
139.55,55.873
139.6,56.178
139.65,56.513
139.7,56.917
139.75,57.322
139.8,57.64
139.85,57.898
139.9,58.095
139.95,58.174
140.0,58.183
140.05,58.15
140.1,58.092
140.15,58.063
140.2,58.014
140.25,57.973
140.3,58.019
140.35,58.18
140.4,58.402
140.45,58.679
140.5,59.033
140.55,59.294
140.6,59.501
140.65,59.576
140.7,59.646
140.75,59.682
140.8,59.577
140.85,59.487
140.9,59.323
140.95,59.188
141.0,59.113
141.05,59.067
141.1,59.109
141.15,59.25
141.2,59.288
141.25,59.309
141.3,59.308
141.35,59.346
141.4,59.427
141.45,59.493
141.5,59.666
141.55,59.666
141.6,59.482
141.65,59.03
141.7,58.457
141.75,57.928
141.8,57.566
141.85,57.354
141.9,57.31
141.95,57.369
142.0,57.448
142.05,57.466
142.1,57.519
142.15,57.653
142.2,57.752
142.25,57.833
142.3,57.958
142.35,58.146
142.4,58.324
142.45,58.302
142.5,58.139
142.55,57.813
142.6,57.406
142.65,57.073
142.7,56.648
142.75,56.311
142.8,56.166
142.85,56.185
142.9,56.231
142.95,56.27
143.0,56.411
143.05,51.924
143.1,48.347
143.15,46.841
143.2,47.297
143.25,49.434
143.3,52.649
143.35,55.645
143.4,55.157
143.45,54.807
143.5,54.559
143.55,54.656
143.6,55.011
143.65,55.185
143.7,56.023
143.75,57.606
143.8,58.876
143.85,59.3
143.9,58.939
143.95,57.888
144.0,56.409
144.05,55.153
144.1,54.888
144.15,54.475
144.2,53.98
144.25,53.923
144.3,53.926
144.35,54.166
144.4,54.482
144.45,54.636
144.5,54.816
144.55,54.959
144.6,55.039
144.65,55.12
144.7,55.067
144.75,55.189
144.8,55.271
144.85,55.363
144.9,55.404
144.95,55.354
145.0,55.188
145.05,55.019
145.1,54.405
145.15,53.224
145.2,52.491
145.25,51.815
145.3,52.081
145.35,53.042
145.4,53.574
145.45,54.161
145.5,56.484
145.55,58.136
145.6,58.804
145.65,58.461
145.7,57.032
145.75,55.019
145.8,53.238
145.85,52.268
145.9,51.496
145.95,51.294
146.0,51.329
146.05,51.831
146.1,52.707
146.15,53.267
146.2,53.327
146.25,53.012
146.3,53.005
146.35,52.912
146.4,53.023
146.45,53.425
146.5,54.06
146.55,54.221
146.6,54.059
146.65,53.929
146.7,53.687
146.75,53.66
146.8,54.013
146.85,54.504
146.9,54.717
146.95,54.697
147.0,54.549
147.05,54.452
147.1,54.435
147.15,54.722
147.2,54.932
147.25,55.029
147.3,54.938
147.35,54.707
147.4,54.63
147.45,54.765
147.5,54.748
147.55,54.607
147.6,54.365
147.65,54.138
147.7,53.918
147.75,53.67
147.8,53.394
147.85,52.862
147.9,52.479
147.95,52.257
148.0,52.131
148.05,51.948
148.1,51.891
148.15,51.98
148.2,52.209
148.25,52.464
148.3,52.665
148.35,52.81
148.4,52.763
148.45,52.508
148.5,52.118
148.55,51.864
148.6,51.784
148.65,51.672
148.7,51.502
148.75,51.39
148.8,51.268
148.85,51.2
148.9,51.011
148.95,50.833
149.0,50.61
149.05,50.439
149.1,50.243
149.15,50.214
149.2,50.431
149.25,50.651
149.3,50.864
149.35,51.038
149.4,51.217
149.45,51.238
149.5,51.136
149.55,50.969
149.6,50.737
149.65,50.558
149.7,50.466
149.75,50.501
149.8,50.542
149.85,50.53
149.9,50.674
149.95,50.728
150.0,50.672
150.05,50.563
150.1,50.397
150.15,50.269
150.2,50.126
150.25,49.931
150.3,49.787
150.35,49.76
150.4,49.699
150.45,49.633
150.5,49.608
150.55,49.774
150.6,49.995
150.65,50.329
150.7,50.524
150.75,50.542
150.8,50.475
150.85,50.471
150.9,50.554
150.95,50.755
151.0,51.049
151.05,51.294
151.1,51.291
151.15,51.101
151.2,50.941
151.25,50.788
151.3,50.609
151.35,50.368
151.4,50.279
151.45,50.247
151.5,50.256
151.55,50.306
151.6,50.352
151.65,50.489
151.7,50.588
151.75,50.559
151.8,50.415
151.85,50.163
151.9,49.996
151.95,49.733
152.0,49.434
152.05,49.154
152.1,48.904
152.15,48.85
152.2,48.914
152.25,49.131
152.3,49.405
152.35,49.673
152.4,49.825
152.45,49.866
152.5,49.823
152.55,49.825
152.6,49.77
152.65,49.624
152.7,49.354
152.75,49.059
152.8,48.882
152.85,48.694
152.9,48.453
152.95,48.106
153.0,47.881
153.05,47.659
153.1,47.583
153.15,47.442
153.2,47.145
153.25,47.059
153.3,47.078
153.35,47.113
153.4,47.091
153.45,47.123
153.5,47.221
153.55,47.395
153.6,47.711
153.65,47.952
153.7,48.031
153.75,48.151
153.8,48.322
153.85,48.474
153.9,48.604
153.95,48.596
154.0,48.499
154.05,48.424
154.1,48.5
154.15,48.796
154.2,49.127
154.25,49.315
154.3,49.48
154.35,49.71
154.4,49.974
154.45,50.12
154.5,50.09
154.55,49.817
154.6,49.583
154.65,49.532
154.7,49.599
154.75,49.826
154.8,50.093
154.85,50.237
154.9,50.257
154.95,50.288
155.0,50.452
155.05,50.736
155.1,51.039
155.15,51.177
155.2,51.162
155.25,51.011
155.3,50.658
155.35,50.271
155.4,49.973
155.45,49.859
155.5,49.895
155.55,50.171
155.6,50.515
155.65,50.894
155.7,51.052
155.75,51.125
155.8,51.067
155.85,50.855
155.9,50.62
155.95,50.467
156.0,50.363
156.05,50.412
156.1,50.605
156.15,50.832
156.2,51.012
156.25,51.185
156.3,51.421
156.35,51.568
156.4,51.736
156.45,51.856
156.5,51.972
156.55,52.264
156.6,52.491
156.65,52.602
156.7,52.504
156.75,52.276
156.8,52.013
156.85,51.809
156.9,51.753
156.95,51.695
157.0,51.663
157.05,51.422
157.1,51.065
157.15,50.822
157.2,50.8
157.25,50.886
157.3,50.913
157.35,50.87
157.4,50.729
157.45,50.474
157.5,50.352
157.55,50.371
157.6,50.439
157.65,50.609
157.7,50.749
157.75,50.842
157.8,50.899
157.85,51.001
157.9,51.086
157.95,51.171
158.0,51.19
158.05,51.21
158.1,51.251
158.15,51.388
158.2,51.44
158.25,51.411
158.3,51.288
158.35,51.157
158.4,51.175
158.45,51.277
158.5,51.354
158.55,51.428
158.6,51.48
158.65,51.472
158.7,51.382
158.75,51.284
158.8,51.199
158.85,51.276
158.9,51.501
158.95,51.787
159.0,51.868
159.05,51.966
159.1,52.078
159.15,52.254
159.2,52.641
159.25,52.971
159.3,53.037
159.35,53.021
159.4,52.996
159.45,52.977
159.5,53.193
159.55,53.582
159.6,53.841
159.65,54.091
159.7,54.097
159.75,53.95
159.8,53.824
159.85,53.871
159.9,53.852
159.95,53.873
160.0,53.946
160.05,54.078
160.1,54.067
160.15,53.888
160.2,53.822
160.25,53.885
160.3,53.942
160.35,53.974
160.4,53.974
160.45,53.989
160.5,53.823
160.55,53.574
160.6,53.36
160.65,53.171
160.7,53.094
160.75,53.209
160.8,53.325
160.85,53.37
160.9,53.218
160.95,53.005
161.0,52.723
161.05,52.408
161.1,52.106
161.15,51.825
161.2,51.591
161.25,51.496
161.3,51.528
161.35,51.617
161.4,51.67
161.45,51.723
161.5,51.752
161.55,51.687
161.6,51.588
161.65,51.531
161.7,51.472
161.75,51.56
161.8,51.647
161.85,51.588
161.9,51.386
161.95,51.182
162.0,51.122
162.05,51.26
162.1,51.432
162.15,51.54
162.2,51.544
162.25,51.554
162.3,51.574
162.35,51.718
162.4,51.799
162.45,51.986
162.5,52.202
162.55,52.3
162.6,52.432
162.65,52.521
162.7,52.45
162.75,52.357
162.8,52.217
162.85,51.91
162.9,51.642
162.95,51.274
163.0,51.017
163.05,50.764
163.1,50.579
163.15,50.404
163.2,50.237
163.25,50.102
163.3,50.091
163.35,50.223
163.4,50.214
163.45,49.824
163.5,49.577
163.55,49.463
163.6,49.476
163.65,49.69
163.7,50.054
163.75,50.31
163.8,50.441
163.85,50.681
163.9,50.886
163.95,51.11
164.0,51.198
164.05,51.276
164.1,51.254
164.15,51.049
164.2,50.84
164.25,50.712
164.3,50.521
164.35,50.334
164.4,50.243
164.45,50.228
164.5,50.229
164.55,50.289
164.6,50.391
164.65,50.485
164.7,50.568
164.75,50.685
164.8,50.782
164.85,50.968
164.9,51.015
164.95,50.962
165.0,50.905
165.05,50.997
165.1,51.097
165.15,51.227
165.2,51.371
165.25,51.4
165.3,51.261
165.35,51.16
165.4,51.019
165.45,50.973
165.5,50.904
165.55,50.748
165.6,50.774
165.65,51.103
165.7,51.574
165.75,51.87
165.8,52.064
165.85,52.121
165.9,52.082
165.95,51.912
166.0,51.721
166.05,51.617
166.1,51.617
166.15,51.651
166.2,51.757
166.25,51.846
166.3,51.891
166.35,51.797
166.4,51.713
166.45,51.816
166.5,52.083
166.55,52.357
166.6,52.548
166.65,52.796
166.7,53.003
166.75,53.162
166.8,53.199
166.85,53.052
166.9,52.913
166.95,52.893
167.0,52.876
167.05,52.9
167.1,52.911
167.15,52.865
167.2,52.785
167.25,52.845
167.3,52.872
167.35,52.955
167.4,53.044
167.45,53.091
167.5,53.064
167.55,52.943
167.6,52.84
167.65,52.716
167.7,52.629
167.75,52.485
167.8,52.342
167.85,52.179
167.9,52.043
167.95,52.003
168.0,51.961
168.05,51.924
168.1,51.937
168.15,52.041
168.2,52.133
168.25,52.135
168.3,52.11
168.35,52.012
168.4,51.957
168.45,51.853
168.5,51.624
168.55,51.557
168.6,51.715
168.65,51.86
168.7,51.834
168.75,51.649
168.8,51.261
168.85,50.895
168.9,50.488
168.95,50.083
169.0,49.918
169.05,49.894
169.1,50.005
169.15,50.229
169.2,50.392
169.25,50.47
169.3,50.613
169.35,50.757
169.4,50.895
169.45,50.889
169.5,50.896
169.55,51.021
169.6,51.294
169.65,51.459
169.7,51.559
169.75,51.619
169.8,51.708
169.85,51.737
169.9,51.666
169.95,51.512
170.0,51.352
170.05,51.304
170.1,51.219
170.15,51.103
170.2,51.107
170.25,51.193
170.3,51.123
170.35,51.067
170.4,51.036
170.45,50.987
170.5,50.916
170.55,50.85
170.6,50.792
170.65,50.722
170.7,50.602
170.75,50.431
170.8,50.386
170.85,50.286
170.9,50.235
170.95,50.265
171.0,50.367
171.05,50.4
171.1,50.372
171.15,50.279
171.2,50.213
171.25,50.186
171.3,50.266
171.35,50.361
171.4,50.443
171.45,50.519
171.5,50.646
171.55,50.803
171.6,50.96
171.65,51.058
171.7,51.088
171.75,51.1
171.8,50.986
171.85,50.745
171.9,50.561
171.95,50.357
172.0,50.188
172.05,50.032
172.1,49.883
172.15,49.765
172.2,49.784
172.25,49.852
172.3,49.934
172.35,50.069
172.4,50.196
172.45,50.433
172.5,50.69
172.55,50.91
172.6,51.075
172.65,51.037
172.7,50.868
172.75,50.596
172.8,50.4
172.85,50.338
172.9,50.242
172.95,50.223
173.0,50.198
173.05,50.133
173.1,50.244
173.15,50.571
173.2,50.901
173.25,51.186
173.3,51.349
173.35,51.414
173.4,51.516
173.45,51.538
173.5,51.51
173.55,51.529
173.6,51.534
173.65,51.669
173.7,52.018
173.75,52.397
173.8,52.605
173.85,52.823
173.9,53.127
173.95,53.376
174.0,53.555
174.05,53.959
174.1,54.391
174.15,54.713
174.2,54.892
174.25,54.902
174.3,54.823
174.35,54.66
174.4,54.657
174.45,54.929
174.5,55.152
174.55,55.249
174.6,55.23
174.65,55.149
174.7,55.153
174.75,55.143
174.8,55.355
174.85,55.588
174.9,55.597
174.95,55.543
175.0,55.381
175.05,55.274
175.1,55.205
175.15,55.151
175.2,55.268
175.25,55.403
175.3,55.519
175.35,55.697
175.4,55.714
175.45,55.563
175.5,55.355
175.55,55.08
175.6,54.685
175.65,54.177
175.7,53.695
175.75,53.321
175.8,53.159
175.85,53.133
175.9,53.272
175.95,53.511
176.0,53.704
176.05,53.767
176.1,53.698
176.15,53.499
176.2,53.178
176.25,52.751
176.3,52.37
176.35,52.18
176.4,52.07
176.45,52.009
176.5,51.953
176.55,51.988
176.6,52.19
176.65,52.376
176.7,52.547
176.75,52.712
176.8,52.809
176.85,52.825
176.9,52.833
176.95,52.83
177.0,53.004
177.05,53.181
177.1,53.374
177.15,53.41
177.2,53.159
177.25,52.83
177.3,52.558
177.35,52.315
177.4,52.057
177.45,52.048
177.5,52.164
177.55,52.37
177.6,52.581
177.65,52.708
177.7,52.826
177.75,52.715
177.8,52.46
177.85,52.116
177.9,51.716
177.95,51.339
178.0,51.011
178.05,50.873
178.1,50.907
178.15,51.187
178.2,51.438
178.25,51.684
178.3,51.92
178.35,52.044
178.4,51.948
178.45,51.708
178.5,51.308
178.55,50.781
178.6,50.526
178.65,50.367
178.7,50.141
178.75,49.949
178.8,49.808
178.85,49.683
178.9,49.596
178.95,49.59
179.0,49.687
179.05,49.914
179.1,50.245
179.15,50.644
179.2,50.933
179.25,51.142
179.3,51.314
179.35,51.35
179.4,51.28
179.45,51.178
179.5,51.091
179.55,51.102
179.6,51.053
179.65,50.825
179.7,50.667
179.75,50.766
179.8,51.039
179.85,51.276
179.9,51.436
179.95,51.412
180.0,51.257
180.05,50.97
180.1,50.419
180.15,49.818
180.2,49.448
180.25,49.207
180.3,49.263
180.35,49.606
180.4,50.045
180.45,50.381
180.5,50.758
180.55,50.841
180.6,50.818
180.65,50.878
180.7,51.047
180.75,51.189
180.8,51.145
180.85,50.891
180.9,50.542
180.95,50.386
181.0,50.329
181.05,50.408
181.1,50.48
181.15,50.495
181.2,50.457
181.25,50.237
181.3,50.032
181.35,49.925
181.4,49.941
181.45,49.832
181.5,49.637
181.55,49.427
181.6,49.381
181.65,49.394
181.7,49.279
181.75,49.038
181.8,48.82
181.85,48.666
181.9,48.637
181.95,48.559
182.0,48.597
182.05,48.573
182.1,48.583
182.15,48.56
182.2,48.543
182.25,48.424
182.3,48.392
182.35,48.537
182.4,48.807
182.45,49.154
182.5,49.564
182.55,49.922
182.6,50.324
182.65,50.806
182.7,51.28
182.75,51.803
182.8,52.202
182.85,52.423
182.9,52.481
182.95,52.453
183.0,52.423
183.05,52.459
183.1,52.551
183.15,52.592
183.2,52.6
183.25,52.438
183.3,52.243
183.35,52.154
183.4,52.181
183.45,52.412
183.5,52.673
183.55,52.62
183.6,52.416
183.65,52.307
183.7,52.249
183.75,52.285
183.8,52.456
183.85,52.64
183.9,52.861
183.95,52.987
184.0,52.898
184.05,52.823
184.1,52.733
184.15,52.688
184.2,52.721
184.25,52.721
184.3,52.653
184.35,52.592
184.4,52.718
184.45,52.893
184.5,52.902
184.55,52.656
184.6,52.395
184.65,52.074
184.7,51.837
184.75,51.605
184.8,51.425
184.85,51.391
184.9,51.48
184.95,51.595
185.0,51.681
185.05,51.857
185.1,52.054
185.15,52.174
185.2,52.251
185.25,52.248
185.3,52.09
185.35,51.971
185.4,51.959
185.45,51.948
185.5,51.982
185.55,52.026
185.6,52.236
185.65,52.61
185.7,53.104
185.75,53.644
185.8,54.02
185.85,54.265
185.9,54.319
185.95,54.154
186.0,53.904
186.05,54.056
186.1,54.285
186.15,54.384
186.2,54.418
186.25,54.304
186.3,54.047
186.35,53.885
186.4,53.864
186.45,53.657
186.5,53.518
186.55,53.396
186.6,53.328
186.65,53.443
186.7,53.744
186.75,54.069
186.8,54.301
186.85,54.412
186.9,54.458
186.95,54.517
187.0,54.637
187.05,54.846
187.1,55.201
187.15,55.426
187.2,55.379
187.25,55.134
187.3,54.863
187.35,54.901
187.4,54.946
187.45,54.938
187.5,54.864
187.55,54.645
187.6,54.575
187.65,54.637
187.7,54.636
187.75,54.621
187.8,54.608
187.85,54.474
187.9,54.258
187.95,54.151
188.0,54.285
188.05,54.333
188.1,54.286
188.15,54.029
188.2,53.74
188.25,53.553
188.3,53.549
188.35,53.748
188.4,53.888
188.45,53.866
188.5,53.765
188.55,53.498
188.6,53.257
188.65,53.029
188.7,53.042
188.75,53.158
188.8,53.081
188.85,52.944
188.9,52.832
188.95,52.642
189.0,52.506
189.05,52.52
189.1,52.553
189.15,52.634
189.2,52.67
189.25,52.778
189.3,52.772
189.35,52.856
189.4,53.103
189.45,53.285
189.5,53.245
189.55,53.039
189.6,52.692
189.65,52.335
189.7,52.127
189.75,51.978
189.8,51.895
189.85,51.976
189.9,52.074
189.95,52.046
190.0,52.13
190.05,52.26
190.1,52.42
190.15,52.573
190.2,52.628
190.25,52.584
190.3,52.351
190.35,52.045
190.4,54.954
190.45,58.293
